CREATE TABLE IF NOT EXISTS "django_migrations" ("id" integer NOT NULL PRIMARY KEY AUTO_INCREMENT, "app" varchar(255) NOT NULL, "name" varchar(255) NOT NULL, "applied" datetime NOT NULL);
INSERT INTO django_migrations VALUES(1,'contenttypes','0001_initial','2025-08-02 01:10:23.696912');
INSERT INTO django_migrations VALUES(2,'contenttypes','0002_remove_content_type_name','2025-08-02 01:10:23.738774');
INSERT INTO django_migrations VALUES(3,'auth','0001_initial','2025-08-02 01:10:23.788953');
INSERT INTO django_migrations VALUES(4,'auth','0002_alter_permission_name_max_length','2025-08-02 01:10:23.816721');
INSERT INTO django_migrations VALUES(5,'auth','0003_alter_user_email_max_length','2025-08-02 01:10:23.837852');
INSERT INTO django_migrations VALUES(6,'auth','0004_alter_user_username_opts','2025-08-02 01:10:23.860629');
INSERT INTO django_migrations VALUES(7,'auth','0005_alter_user_last_login_null','2025-08-02 01:10:23.879851');
INSERT INTO django_migrations VALUES(8,'auth','0006_require_contenttypes_0002','2025-08-02 01:10:23.888626');
INSERT INTO django_migrations VALUES(9,'auth','0007_alter_validators_add_error_messages','2025-08-02 01:10:23.913742');
INSERT INTO django_migrations VALUES(10,'auth','0008_alter_user_username_max_length','2025-08-02 01:10:23.930828');
INSERT INTO django_migrations VALUES(11,'auth','0009_alter_user_last_name_max_length','2025-08-02 01:10:23.948472');
INSERT INTO django_migrations VALUES(12,'auth','0010_alter_group_name_max_length','2025-08-02 01:10:23.967158');
INSERT INTO django_migrations VALUES(13,'auth','0011_update_proxy_permissions','2025-08-02 01:10:23.979097');
INSERT INTO django_migrations VALUES(14,'auth','0012_alter_user_first_name_max_length','2025-08-02 01:10:23.993692');
INSERT INTO django_migrations VALUES(15,'chats','0001_initial','2025-08-02 01:10:24.045466');
INSERT INTO django_migrations VALUES(16,'admin','0001_initial','2025-08-02 01:10:24.071594');
INSERT INTO django_migrations VALUES(17,'admin','0002_logentry_remove_auto_add','2025-08-02 01:10:24.099665');
INSERT INTO django_migrations VALUES(18,'admin','0003_logentry_add_action_flag_choices','2025-08-02 01:10:24.122187');
INSERT INTO django_migrations VALUES(19,'sessions','0001_initial','2025-08-02 01:10:24.141526');
INSERT INTO django_migrations VALUES(20,'token_blacklist','0001_initial','2025-08-02 01:10:24.188713');
INSERT INTO django_migrations VALUES(21,'token_blacklist','0002_outstandingtoken_jti_hex','2025-08-02 01:10:24.221890');
INSERT INTO django_migrations VALUES(22,'token_blacklist','0003_auto_20171017_2007','2025-08-02 01:10:24.252437');
INSERT INTO django_migrations VALUES(23,'token_blacklist','0004_auto_20171017_2013','2025-08-02 01:10:24.281380');
INSERT INTO django_migrations VALUES(24,'token_blacklist','0005_remove_outstandingtoken_jti','2025-08-02 01:10:24.312032');
INSERT INTO django_migrations VALUES(25,'token_blacklist','0006_auto_20171017_2113','2025-08-02 01:10:24.345310');
INSERT INTO django_migrations VALUES(26,'token_blacklist','0007_auto_20171017_2214','2025-08-02 01:10:24.399932');
INSERT INTO django_migrations VALUES(27,'token_blacklist','0008_migrate_to_bigautofield','2025-08-02 01:10:24.445637');
INSERT INTO django_migrations VALUES(28,'token_blacklist','0010_fix_migrate_to_bigautofield','2025-08-02 01:10:24.495523');
INSERT INTO django_migrations VALUES(29,'token_blacklist','0011_linearizes_history','2025-08-02 01:10:24.503273');
INSERT INTO django_migrations VALUES(30,'token_blacklist','0012_alter_outstandingtoken_user','2025-08-02 01:10:24.528766');
INSERT INTO django_migrations VALUES(31,'token_blacklist','0013_alter_blacklistedtoken_options_and_more','2025-08-02 01:10:24.559253');
CREATE TABLE IF NOT EXISTS "django_content_type" ("id" integer NOT NULL PRIMARY KEY AUTO_INCREMENT, "app_label" varchar(100) NOT NULL, "model" varchar(100) NOT NULL);
INSERT INTO django_content_type VALUES(1,'admin','logentry');
INSERT INTO django_content_type VALUES(2,'auth','permission');
INSERT INTO django_content_type VALUES(3,'auth','group');
INSERT INTO django_content_type VALUES(4,'contenttypes','contenttype');
INSERT INTO django_content_type VALUES(5,'sessions','session');
INSERT INTO django_content_type VALUES(6,'token_blacklist','blacklistedtoken');
INSERT INTO django_content_type VALUES(7,'token_blacklist','outstandingtoken');
INSERT INTO django_content_type VALUES(8,'chats','user');
INSERT INTO django_content_type VALUES(9,'chats','conversation');
INSERT INTO django_content_type VALUES(10,'chats','message');
CREATE TABLE IF NOT EXISTS "auth_group_permissions" ("id" integer NOT NULL PRIMARY KEY AUTO_INCREMENT, "group_id" integer NOT NULL REFERENCES "auth_group" ("id") DEFERRABLE INITIALLY DEFERRED, "permission_id" integer NOT NULL REFERENCES "auth_permission" ("id") DEFERRABLE INITIALLY DEFERRED);
CREATE TABLE IF NOT EXISTS "auth_permission" ("id" integer NOT NULL PRIMARY KEY AUTO_INCREMENT, "content_type_id" integer NOT NULL REFERENCES "django_content_type" ("id") DEFERRABLE INITIALLY DEFERRED, "codename" varchar(100) NOT NULL, "name" varchar(255) NOT NULL);
INSERT INTO auth_permission VALUES(1,1,'add_logentry','Can add log entry');
INSERT INTO auth_permission VALUES(2,1,'change_logentry','Can change log entry');
INSERT INTO auth_permission VALUES(3,1,'delete_logentry','Can delete log entry');
INSERT INTO auth_permission VALUES(4,1,'view_logentry','Can view log entry');
INSERT INTO auth_permission VALUES(5,2,'add_permission','Can add permission');
INSERT INTO auth_permission VALUES(6,2,'change_permission','Can change permission');
INSERT INTO auth_permission VALUES(7,2,'delete_permission','Can delete permission');
INSERT INTO auth_permission VALUES(8,2,'view_permission','Can view permission');
INSERT INTO auth_permission VALUES(9,3,'add_group','Can add group');
INSERT INTO auth_permission VALUES(10,3,'change_group','Can change group');
INSERT INTO auth_permission VALUES(11,3,'delete_group','Can delete group');
INSERT INTO auth_permission VALUES(12,3,'view_group','Can view group');
INSERT INTO auth_permission VALUES(13,4,'add_contenttype','Can add content type');
INSERT INTO auth_permission VALUES(14,4,'change_contenttype','Can change content type');
INSERT INTO auth_permission VALUES(15,4,'delete_contenttype','Can delete content type');
INSERT INTO auth_permission VALUES(16,4,'view_contenttype','Can view content type');
INSERT INTO auth_permission VALUES(17,5,'add_session','Can add session');
INSERT INTO auth_permission VALUES(18,5,'change_session','Can change session');
INSERT INTO auth_permission VALUES(19,5,'delete_session','Can delete session');
INSERT INTO auth_permission VALUES(20,5,'view_session','Can view session');
INSERT INTO auth_permission VALUES(21,6,'add_blacklistedtoken','Can add Blacklisted Token');
INSERT INTO auth_permission VALUES(22,6,'change_blacklistedtoken','Can change Blacklisted Token');
INSERT INTO auth_permission VALUES(23,6,'delete_blacklistedtoken','Can delete Blacklisted Token');
INSERT INTO auth_permission VALUES(24,6,'view_blacklistedtoken','Can view Blacklisted Token');
INSERT INTO auth_permission VALUES(25,7,'add_outstandingtoken','Can add Outstanding Token');
INSERT INTO auth_permission VALUES(26,7,'change_outstandingtoken','Can change Outstanding Token');
INSERT INTO auth_permission VALUES(27,7,'delete_outstandingtoken','Can delete Outstanding Token');
INSERT INTO auth_permission VALUES(28,7,'view_outstandingtoken','Can view Outstanding Token');
INSERT INTO auth_permission VALUES(29,8,'add_user','Can add user');
INSERT INTO auth_permission VALUES(30,8,'change_user','Can change user');
INSERT INTO auth_permission VALUES(31,8,'delete_user','Can delete user');
INSERT INTO auth_permission VALUES(32,8,'view_user','Can view user');
INSERT INTO auth_permission VALUES(33,9,'add_conversation','Can add conversation');
INSERT INTO auth_permission VALUES(34,9,'change_conversation','Can change conversation');
INSERT INTO auth_permission VALUES(35,9,'delete_conversation','Can delete conversation');
INSERT INTO auth_permission VALUES(36,9,'view_conversation','Can view conversation');
INSERT INTO auth_permission VALUES(37,10,'add_message','Can add message');
INSERT INTO auth_permission VALUES(38,10,'change_message','Can change message');
INSERT INTO auth_permission VALUES(39,10,'delete_message','Can delete message');
INSERT INTO auth_permission VALUES(40,10,'view_message','Can view message');
CREATE TABLE IF NOT EXISTS "auth_group" ("id" integer NOT NULL PRIMARY KEY AUTO_INCREMENT, "name" varchar(150) NOT NULL UNIQUE);
CREATE TABLE IF NOT EXISTS "chats_user" ("id" integer NOT NULL PRIMARY KEY AUTO_INCREMENT, "password" varchar(128) NOT NULL, "last_login" datetime NULL, "is_superuser" bool NOT NULL, "username" varchar(150) NOT NULL UNIQUE, "first_name" varchar(150) NOT NULL, "last_name" varchar(150) NOT NULL, "email" varchar(254) NOT NULL, "is_staff" bool NOT NULL, "is_active" bool NOT NULL, "date_joined" datetime NOT NULL, "phone_number" varchar(15) NULL, "role" varchar(10) NOT NULL);
INSERT INTO chats_user VALUES(1,'pbkdf2_sha256$1000000$YBVF8zQH2T3zqEJ3XY50bA$bu2tVC87qF4W9n/jgLbfCVWBYmwEPwAUKmpivmfYdy4=',NULL,1,'John4real','','','yohannesabreham08@gmail.com',1,1,'2025-08-02 01:11:31.658999',NULL,'guest');
INSERT INTO chats_user VALUES(2,'pbkdf2_sha256$1000000$if2rxrzCrOH6QQDCZQL24R$zH6BD3+8DkjcxB7uWhlBbGI1yq0huGdgxxxCn4/Yv5w=',NULL,1,'johnadmin','','','yonatanbanteshare@gmail.com',1,1,'2025-08-02 01:12:20.891728',NULL,'guest');
CREATE TABLE IF NOT EXISTS "chats_user_groups" ("id" integer NOT NULL PRIMARY KEY AUTO_INCREMENT, "user_id" bigint NOT NULL REFERENCES "chats_user" ("id") DEFERRABLE INITIALLY DEFERRED, "group_id" integer NOT NULL REFERENCES "auth_group" ("id") DEFERRABLE INITIALLY DEFERRED);
CREATE TABLE IF NOT EXISTS "chats_user_user_permissions" ("id" integer NOT NULL PRIMARY KEY AUTO_INCREMENT, "user_id" bigint NOT NULL REFERENCES "chats_user" ("id") DEFERRABLE INITIALLY DEFERRED, "permission_id" integer NOT NULL REFERENCES "auth_permission" ("id") DEFERRABLE INITIALLY DEFERRED);
CREATE TABLE IF NOT EXISTS "chats_conversation" ("conversation_id" char(32) NOT NULL PRIMARY KEY, "created_at" datetime NOT NULL);
INSERT INTO chats_conversation VALUES('c8c6a1a95a3a455b8e91a3a65fb0e608','2025-08-02 01:15:06.036441');
INSERT INTO chats_conversation VALUES('b8e6ae0aa9b247dfb1d1dc6d8761590c','2025-08-02 01:15:39.790197');
INSERT INTO chats_conversation VALUES('666f692dd8a84863b0d3e357725278c7','2025-08-02 01:52:19.716578');
CREATE TABLE IF NOT EXISTS "chats_conversation_participants" ("id" integer NOT NULL PRIMARY KEY AUTO_INCREMENT, "conversation_id" char(32) NOT NULL REFERENCES "chats_conversation" ("conversation_id") DEFERRABLE INITIALLY DEFERRED, "user_id" bigint NOT NULL REFERENCES "chats_user" ("id") DEFERRABLE INITIALLY DEFERRED);
INSERT INTO chats_conversation_participants VALUES(1,'c8c6a1a95a3a455b8e91a3a65fb0e608',1);
INSERT INTO chats_conversation_participants VALUES(2,'c8c6a1a95a3a455b8e91a3a65fb0e608',2);
INSERT INTO chats_conversation_participants VALUES(3,'b8e6ae0aa9b247dfb1d1dc6d8761590c',1);
INSERT INTO chats_conversation_participants VALUES(4,'b8e6ae0aa9b247dfb1d1dc6d8761590c',2);
INSERT INTO chats_conversation_participants VALUES(5,'666f692dd8a84863b0d3e357725278c7',1);
INSERT INTO chats_conversation_participants VALUES(6,'666f692dd8a84863b0d3e357725278c7',2);
CREATE TABLE IF NOT EXISTS "chats_message" ("message_id" char(32) NOT NULL PRIMARY KEY, "message_body" text NOT NULL, "sent_at" datetime NOT NULL, "conversation_id" char(32) NOT NULL REFERENCES "chats_conversation" ("conversation_id") DEFERRABLE INITIALLY DEFERRED, "sender_id" bigint NOT NULL REFERENCES "chats_user" ("id") DEFERRABLE INITIALLY DEFERRED);
INSERT INTO chats_message VALUES('6cde57b8e5f24c8f9e799684517b6087','Hello again!','2025-08-02 02:01:26.027178','666f692dd8a84863b0d3e357725278c7',1);
CREATE TABLE IF NOT EXISTS "django_admin_log" ("id" integer NOT NULL PRIMARY KEY AUTO_INCREMENT, "object_id" text NULL, "object_repr" varchar(200) NOT NULL, "action_flag" smallint unsigned NOT NULL CHECK ("action_flag" >= 0), "change_message" text NOT NULL, "content_type_id" integer NULL REFERENCES "django_content_type" ("id") DEFERRABLE INITIALLY DEFERRED, "user_id" bigint NOT NULL REFERENCES "chats_user" ("id") DEFERRABLE INITIALLY DEFERRED, "action_time" datetime NOT NULL);
CREATE TABLE IF NOT EXISTS "django_session" ("session_key" varchar(40) NOT NULL PRIMARY KEY, "session_data" text NOT NULL, "expire_date" datetime NOT NULL);
CREATE TABLE IF NOT EXISTS "token_blacklist_blacklistedtoken" ("blacklisted_at" datetime NOT NULL, "token_id" bigint NOT NULL UNIQUE REFERENCES "token_blacklist_outstandingtoken" ("id") DEFERRABLE INITIALLY DEFERRED, "id" integer NOT NULL PRIMARY KEY AUTO_INCREMENT);
CREATE TABLE IF NOT EXISTS "token_blacklist_outstandingtoken" ("token" text NOT NULL, "created_at" datetime NULL, "expires_at" datetime NOT NULL, "user_id" bigint NULL REFERENCES "chats_user" ("id") DEFERRABLE INITIALLY DEFERRED, "jti" varchar(255) NOT NULL UNIQUE, "id" integer NOT NULL PRIMARY KEY AUTO_INCREMENT);
INSERT INTO token_blacklist_outstandingtoken VALUES('eyJhbGciOiJIUzI1NiIsInR5cCI6IkpXVCJ9.eyJ0b2tlbl90eXBlIjoicmVmcmVzaCIsImV4cCI6MTc1NDE4MzY0MywiaWF0IjoxNzU0MDk3MjQzLCJqdGkiOiJkM2EzNDljYmVhNjg0NWYzYWIyOTBkZDA1ZWU0M2Q4NSIsInVzZXJfaWQiOiIxIn0.deIVB2_5hIG86StNbcqstHLGLHq51bvqxuMTp5Z-BGQ','2025-08-02 01:14:03.964908','2025-08-03 01:14:03',1,'d3a349cbea6845f3ab290dd05ee43d85',1);
INSERT INTO token_blacklist_outstandingtoken VALUES('eyJhbGciOiJIUzI1NiIsInR5cCI6IkpXVCJ9.eyJ0b2tlbl90eXBlIjoicmVmcmVzaCIsImV4cCI6MTc1NDE4NTg1NCwiaWF0IjoxNzU0MDk5NDU0LCJqdGkiOiJhZTM2NDY2YzVmNjE0Mjc5OTJlOTRkZTQ5MjIwZTA1ZiIsInVzZXJfaWQiOiIxIn0.9se0aKa2cnyMmOpA4_5OzffvvvJrdhOv69jvFr3kaHk','2025-08-02 01:50:54.391971','2025-08-03 01:50:54',1,'ae36466c5f61427992e94de49220e05f',2);
INSERT INTO sqlite_sequence VALUES('django_migrations',31);
INSERT INTO sqlite_sequence VALUES('django_content_type',10);
INSERT INTO sqlite_sequence VALUES('auth_permission',40);
INSERT INTO sqlite_sequence VALUES('auth_group',0);
INSERT INTO sqlite_sequence VALUES('django_admin_log',0);
INSERT INTO sqlite_sequence VALUES('token_blacklist_blacklistedtoken',0);
INSERT INTO sqlite_sequence VALUES('token_blacklist_outstandingtoken',2);
INSERT INTO sqlite_sequence VALUES('chats_user',2);
INSERT INTO sqlite_sequence VALUES('chats_conversation_participants',6);
CREATE UNIQUE INDEX "django_content_type_app_label_model_76bd3d3b_uniq" ON "django_content_type" ("app_label", "model");
CREATE UNIQUE INDEX "auth_group_permissions_group_id_permission_id_0cd325b0_uniq" ON "auth_group_permissions" ("group_id", "permission_id");
CREATE INDEX "auth_group_permissions_group_id_b120cbf9" ON "auth_group_permissions" ("group_id");
CREATE INDEX "auth_group_permissions_permission_id_84c5c92e" ON "auth_group_permissions" ("permission_id");
CREATE UNIQUE INDEX "auth_permission_content_type_id_codename_01ab375a_uniq" ON "auth_permission" ("content_type_id", "codename");
CREATE INDEX "auth_permission_content_type_id_2f476e4b" ON "auth_permission" ("content_type_id");
CREATE UNIQUE INDEX "chats_user_groups_user_id_group_id_09c179f1_uniq" ON "chats_user_groups" ("user_id", "group_id");
CREATE INDEX "chats_user_groups_user_id_f3f94763" ON "chats_user_groups" ("user_id");
CREATE INDEX "chats_user_groups_group_id_374521e3" ON "chats_user_groups" ("group_id");
CREATE UNIQUE INDEX "chats_user_user_permissions_user_id_permission_id_0eb4ff7c_uniq" ON "chats_user_user_permissions" ("user_id", "permission_id");
CREATE INDEX "chats_user_user_permissions_user_id_dad946f6" ON "chats_user_user_permissions" ("user_id");
CREATE INDEX "chats_user_user_permissions_permission_id_88fa3e6b" ON "chats_user_user_permissions" ("permission_id");
CREATE UNIQUE INDEX "chats_conversation_participants_conversation_id_user_id_d9eb2230_uniq" ON "chats_conversation_participants" ("conversation_id", "user_id");
CREATE INDEX "chats_conversation_participants_conversation_id_8378f6a9" ON "chats_conversation_participants" ("conversation_id");
CREATE INDEX "chats_conversation_participants_user_id_23f59f7f" ON "chats_conversation_participants" ("user_id");
CREATE INDEX "chats_message_conversation_id_91ecdd5c" ON "chats_message" ("conversation_id");
CREATE INDEX "chats_message_sender_id_4f3659eb" ON "chats_message" ("sender_id");
CREATE INDEX "django_admin_log_content_type_id_c4bce8eb" ON "django_admin_log" ("content_type_id");
CREATE INDEX "django_admin_log_user_id_c564eba6" ON "django_admin_log" ("user_id");
CREATE INDEX "django_session_expire_date_a5c62663" ON "django_session" ("expire_date");
CREATE INDEX "token_blacklist_outstandingtoken_user_id_83bc629a" ON "token_blacklist_outstandingtoken" ("user_id");
